uuid,Void/Retire,Fully specified name:en,Short name:en,Fully specified name:es,Description:en,Data class,Data type,Members,Mappings|SAME-AS,Mappings|NARROWER-THAN,Mappings|BROADER-THAN
104317AAAAAAAAAAAAAAAAAAAAAAAAAAAAAA,,Ciprofloxacin / Dexamethasone,,,,Drug,N/A,,PIH:12081;CIEL:104317;SNOMED CT:409287003;RxNORM:465397,,
71917AAAAAAAAAAAAAAAAAAAAAAAAAAAAAAA,,Beclomethasone dipropionate,,,,Drug,N/A,,PIH:12205;CIEL:71917;SNOMED CT:1389007;RxNORM:1348,SNOMED CT:116575004,
70105AAAAAAAAAAAAAAAAAAAAAAAAAAAAAAA,,Acenocoumarol,,,,Drug,N/A,,PIH:12173;CIEL:70105;SNOMED CT:79356008;RxNORM:154,,
98042566-aedc-442d-96b3-d055d3dd7d81,,Losartan,,,Losartan is used to treat high blood pressure (hypertension).,Drug,N/A,,PIH:6769;PIH:Losartan;CIEL:79074;SNOMED CT:96309000;RxNORM:52175;AMPATH:2265,,
81822AAAAAAAAAAAAAAAAAAAAAAAAAAAAAAA,,Perindopril,,,,Drug,N/A,,PIH:12115;CIEL:81822;SNOMED CT:129486004;RxNORM:54552,,
78485AAAAAAAAAAAAAAAAAAAAAAAAAAAAAAA,,Ketotifen,,,,Drug,N/A,,PIH:13296;CIEL:78485;SNOMED CT:354038002;RxNORM:6146,,
80194AAAAAAAAAAAAAAAAAAAAAAAAAAAAAAA,,Mupirocin,,,,Drug,N/A,,PIH:12203;CIEL:80194;SNOMED CT:71453003;RxNORM:42372,,
e3471fa1-8974-42f9-9859-f9b19cf1fe93,,Tobramycin and dexamethasone,,Tobramicina y dexametasona,,Drug,N/A,,PIH:12258;PIH:Tobramycin and dexamethasone,,
76515AAAAAAAAAAAAAAAAAAAAAAAAAAAAAAA,,Fluocinolone acetonide,,,,Drug,N/A,,PIH:12152;CIEL:76515;SNOMED CT:396059004;RxNORM:4461,,
72595AAAAAAAAAAAAAAAAAAAAAAAAAAAAAAA,,Cabergoline,,,,Drug,N/A,,PIH:12185;CIEL:72595;SNOMED CT:109139002;RxNORM:47579,SNOMED CT:386979007,
3cda1f60-26fe-102b-80cb-0017a47871b2,,Capreomycin,CM,Capreomicina,Cyclic polypeptide used in drug-resistant TB treatment. (Short name from WHO),Drug,N/A,,PIH:1411;PIH:CAPREOMYCIN;CIEL:72794;SNOMED CT:14170004;RxNORM:78903,,
165473AAAAAAAAAAAAAAAAAAAAAAAAAAAAAA,,ABO blood typing kit,,,,Medical supply,N/A,,PIH:12117;CIEL:165473,SNOMED CT:385387009,
86347AAAAAAAAAAAAAAAAAAAAAAAAAAAAAAA,,Vitamin E,,,,Drug,N/A,,PIH:12174;CIEL:86347;SNOMED CT:63822004;RxNORM:11256,,
84522AAAAAAAAAAAAAAAAAAAAAAAAAAAAAAA,,Sumatriptan,,,,Drug,N/A,,PIH:12120;CIEL:84522;SNOMED CT:322822007;RxNORM:37418,SNOMED CT:395892000,
75744AAAAAAAAAAAAAAAAAAAAAAAAAAAAAAA,,Epinephrine,,,,Drug,N/A,,PIH:12123;CIEL:75744;SNOMED CT:65502005;RxNORM:3992;AMPATH:346,SNOMED CT:387362001,
80675AAAAAAAAAAAAAAAAAAAAAAAAAAAAAAA,,Nitazoxanide,,,,Drug,N/A,,PIH:12102;CIEL:80675;SNOMED CT:407149009;RxNORM:31819,,
72411AAAAAAAAAAAAAAAAAAAAAAAAAAAAAAA,,Bromocriptine,,,,Drug,N/A,,PIH:12103;CIEL:72411;SNOMED CT:116656002;RxNORM:1760,SNOMED CT:387039007,
78482AAAAAAAAAAAAAAAAAAAAAAAAAAAAAAA,,Ketorolac tromethamine,,,,Drug,N/A,,PIH:12090;CIEL:78482;RxNORM:28200,SNOMED CT:108512006;SNOMED CT:108513001,
71665AAAAAAAAAAAAAAAAAAAAAAAAAAAAAAA,,Atorvastatin,,,,Drug,N/A,,PIH:12118;CIEL:71665;SNOMED CT:108600003;RxNORM:83367;AMPATH:2276,,
fa7ac708-b07b-4675-846e-4ac8b41ca501,,Cromoglicic acid,,,This drug prevents the release of inflammatory chemicals such as histamine from mast cells.,Drug,N/A,,PIH:6876;PIH:Cromoglicic acid;CIEL:74044;SNOMED CT:40652001;RxNORM:2921,,
82163AAAAAAAAAAAAAAAAAAAAAAAAAAAAAAA,,Piroxicam,,,,Drug,N/A,,PIH:12172;CIEL:82163;SNOMED CT:27754002;RxNORM:8356,,
72164AAAAAAAAAAAAAAAAAAAAAAAAAAAAAAA,,Bicalutamide,,,,Drug,N/A,,PIH:12107;CIEL:72164;SNOMED CT:108766001;RxNORM:83008,SNOMED CT:386908000,
75928AAAAAAAAAAAAAAAAAAAAAAAAAAAAAAA,,Estrogens,,,,Drug,N/A,,PIH:12146;CIEL:75928;SNOMED CT:61946003;RxNORM:4100,SNOMED CT:41598000,
73453AAAAAAAAAAAAAAAAAAAAAAAAAAAAAAA,,Cisapride,,,,Drug,N/A,,PIH:12126;CIEL:73453;SNOMED CT:30317002;RxNORM:35255,,
76376AAAAAAAAAAAAAAAAAAAAAAAAAAAAAAA,,Finasteride,,,,Drug,N/A,,PIH:12180;CIEL:76376;SNOMED CT:109035006;RxNORM:25025,,
85218AAAAAAAAAAAAAAAAAAAAAAAAAAAAAAA,,Tolperisone,,,,Drug,N/A,,PIH:12188;CIEL:85218;RxNORM:10639,,
3cd409d6-26fe-102b-80cb-0017a47871b2,,Pyridoxine,B6,,A crystalline phenolic alcohol C8H11NO3 of the vitamin B6 group found especially in cereals and convertible in the body into pyridoxal and pyridoxamine.,Drug,N/A,,PIH:766;PIH:PYRIDOXINE;CIEL:82912;SNOMED CT:36944009;RxNORM:9008;AMPATH:766,,
104421AAAAAAAAAAAAAAAAAAAAAAAAAAAAAA,,Desogestrel / Ethinyl estradiol,,,,Drug,N/A,,PIH:12147;CIEL:104421;SNOMED CT:412362000;RxNORM:324044,,
104843AAAAAAAAAAAAAAAAAAAAAAAAAAAAAA,,Hydrochlorothiazide / Telmisartan,,,,Drug,N/A,,PIH:12183;CIEL:104843;SNOMED CT:398727008;RxNORM:284636,,
75224AAAAAAAAAAAAAAAAAAAAAAAAAAAAAAA,,Doxycycline hyclate,,,,Drug,N/A,,PIH:12098;CIEL:75224;SNOMED CT:71417000;RxNORM:23663,,
77032AAAAAAAAAAAAAAAAAAAAAAAAAAAAAAA,,Glipizide,,,,Drug,N/A,,PIH:12206;CIEL:77032;SNOMED CT:26124005;RxNORM:4821,,
82f88a83-96f6-4aff-9d32-275d9d4e326f,,Thalidomide,,,,Drug,N/A,,PIH:13288;PIH:Thalidomide;CIEL:84915;SNOMED CT:404878004;RxNORM:10432,,
73048AAAAAAAAAAAAAAAAAAAAAAAAAAAAAAA,,Celecoxib,,,,Drug,N/A,,PIH:12062;CIEL:73048;SNOMED CT:370187009;RxNORM:140587;AMPATH:738;AMPATH:956,SNOMED CT:116081000,
82990AAAAAAAAAAAAAAAAAAAAAAAAAAAAAAA,,Quetiapine,,,,Drug,N/A,,PIH:12198;CIEL:82990;SNOMED CT:108443001;RxNORM:51272,,
84394AAAAAAAAAAAAAAAAAAAAAAAAAAAAAAA,,SUCRALFATE,,,,Drug,N/A,,PIH:13298;CIEL:84394;SNOMED CT:69967001;RxNORM:10156,,
79743AAAAAAAAAAAAAAAAAAAAAAAAAAAAAAA,,Methylprednisolone,,,,Drug,N/A,,PIH:12125;CIEL:79743;SNOMED CT:27242001;RxNORM:6902,SNOMED CT:116593003,
76493AAAAAAAAAAAAAAAAAAAAAAAAAAAAAAA,,FLUDROCORTISONE,,,,Drug,N/A,,PIH:13293;CIEL:76493;SNOMED CT:89192008;RxNORM:4452,,
3cd52bfe-26fe-102b-80cb-0017a47871b2,,Hydralazine,,,An antihypertensive drug C8H8N4 used in the form of its hydrochloride and acting to produce peripheral arteriolar dilation by relaxing vascular smooth muscle.,Drug,N/A,,PIH:929;PIH:HYDRALAZINE;CIEL:77675;SNOMED CT:22696000;RxNORM:5470,,
a164d0aa-7c18-4e0f-a17f-a757ddf2a319,,Generic skin cream,,Crema para la piel genérica,Skin creams with variable contents.,Drug,N/A,,PIH:12210;PIH:Generic skin cream,,
80384AAAAAAAAAAAAAAAAAAAAAAAAAAAAAAA,,Naphazoline,,,,Drug,N/A,,PIH:12104;CIEL:80384;SNOMED CT:6232005;RxNORM:7247,,
74935AAAAAAAAAAAAAAAAAAAAAAAAAAAAAAA,,Dimenhydrinate,,,,Drug,N/A,,PIH:12167;CIEL:74935;SNOMED CT:81073007;RxNORM:3444,,
77850AAAAAAAAAAAAAAAAAAAAAAAAAAAAAAA,,Hypromellose,,,,Drug,N/A,,PIH:12148;CIEL:77850;SNOMED CT:330769006;RxNORM:27334,SNOMED CT:412410003,
79783AAAAAAAAAAAAAAAAAAAAAAAAAAAAAAA,,Metronidazole benzoate,,,,Drug,N/A,,PIH:12199;CIEL:79783;SNOMED CT:395793001;RxNORM:103866,,
77009AAAAAAAAAAAAAAAAAAAAAAAAAAAAAAA,,Ginkgo biloba leaf,,,,Drug,N/A,,PIH:12082;CIEL:77009;RxNORM:259265,SNOMED CT:370454004,
79691AAAAAAAAAAAAAAAAAAAAAAAAAAAAAAA,,Methimazole,,,,Drug,N/A,,PIH:12200;CIEL:79691;SNOMED CT:404864000;RxNORM:6835,,
82983AAAAAAAAAAAAAAAAAAAAAAAAAAAAAAA,,Quassia preparation,,,,Drug,N/A,,PIH:12134;CIEL:82983;RxNORM:237114,,
72241AAAAAAAAAAAAAAAAAAAAAAAAAAAAAAA,,Bismuth subsalicylate,,,,Drug,N/A,,PIH:12114;CIEL:72241;SNOMED CT:409307004;RxNORM:19478,,
85235AAAAAAAAAAAAAAAAAAAAAAAAAAAAAAA,,Topiramate,,,,Drug,N/A,,PIH:12197;CIEL:85235;SNOMED CT:108400009;RxNORM:38404,,
f2886dad-a0c8-4d60-a2d2-dfb2e274e14d,,Dexlansoprazole,,Dexlansoprazol,"Dexlansoprazole, sold under the trade name Dexilant among others, is a medication which reduces stomach acid.",Drug,N/A,,PIH:13688;PIH:Dexlansoprazole,,
82315AAAAAAAAAAAAAAAAAAAAAAAAAAAAAAA,,Polyvinyl alcohol,,,,Drug,N/A,,PIH:12092;CIEL:82315;SNOMED CT:330790003;RxNORM:8570,,
82898AAAAAAAAAAAAAAAAAAAAAAAAAAAAAAA,,Pyrantel,,,,Drug,N/A,,PIH:12150;CIEL:82898;SNOMED CT:36068003;RxNORM:8984,,
70878AAAAAAAAAAAAAAAAAAAAAAAAAAAAAAA,,Allopurinol,,,,Drug,N/A,,PIH:7649;PIH:Allopurinol;CIEL:70878;SNOMED CT:25246002;RxNORM:519,,
b350056d-50f7-459a-b223-216f71fe30ff,,L-ornithine-L-aspartate,,L-ornitina y L-aspartato,,Drug,N/A,,PIH:12256;PIH:L-ornithine-L-aspartate,,
81031AAAAAAAAAAAAAAAAAAAAAAAAAAAAAAA,,Olopatadine,,,,Drug,N/A,,PIH:12096;CIEL:81031;SNOMED CT:108845001;RxNORM:135391,,
103303AAAAAAAAAAAAAAAAAAAAAAAAAAAAAA,,Acetaminophen / tramadol,,,,Drug,N/A,,PIH:13299;CIEL:103303;RxNORM:352362,,
83922AAAAAAAAAAAAAAAAAAAAAAAAAAAAAAA,,SILYMARIN,,,,Drug,N/A,,PIH:13294;CIEL:83922;RxNORM:9794,,
3cd0f91c-26fe-102b-80cb-0017a47871b2,,Loperamide,,Loperamida,A synthetic antidiarrheal agent C29H33ClN2O2 that slows intestinal peristalsis and is administered in the form of its hydrochloride to control acute nonspecific diarrhea or chronic diarrhea associated with inflammatory bowel disease or to reduce fecal volume discharged from ileostomies.,Drug,N/A,,PIH:429;PIH:LOPERAMIDE;CIEL:79037;SNOMED CT:116726003;RxNORM:6468,,
74125AAAAAAAAAAAAAAAAAAAAAAAAAAAAAAA,,Cyclosporine,,,,Drug,N/A,,PIH:7653;PIH:Cyclosporine;CIEL:74125;SNOMED CT:80906007;RxNORM:3008,,
70496AAAAAAAAAAAAAAAAAAAAAAAAAAAAAAA,,Alendronate,,,,Drug,N/A,,PIH:12202;CIEL:70496;RxNORM:46041,,
70995AAAAAAAAAAAAAAAAAAAAAAAAAAAAAAA,,Aluminum magnesium silicate,,,,Drug,N/A,,PIH:12176;CIEL:70995;SNOMED CT:391748004;RxNORM:17614,,
3ccf0666-26fe-102b-80cb-0017a47871b2,,Tetracycline,,,"A penicillin C16H19N3O4S that is effective against gram-negative and gram-positive bacteria and is used in anhydrous forms, as the trihydrate, or as the sodium salt to treat various infections of the urinary, respiratory, and intestinal tracts.",Drug,N/A,,PIH:270;PIH:TETRACYCLINE;CIEL:84893;SNOMED CT:66261008;RxNORM:10395,,
74666AAAAAAAAAAAAAAAAAAAAAAAAAAAAAAA,,Dextromethorphan,,,,Drug,N/A,,PIH:12063;CIEL:74666;SNOMED CT:2016004;RxNORM:3289;AMPATH:358,,
78342AAAAAAAAAAAAAAAAAAAAAAAAAAAAAAA,,Ivermectin,,,,Drug,N/A,,PIH:4048;CIEL:78342;SNOMED CT:96138006;RxNORM:6069,,
72660AAAAAAAAAAAAAAAAAAAAAAAAAAAAAAA,,Calcium carbonate,,,,Drug,N/A,,PIH:12119;CIEL:72660;SNOMED CT:55217007;RxNORM:1897,,
00cce4d5-081c-4667-ac06-e0e3eb7bd980,,Diosmin,,,,Drug,N/A,,PIH:12652;PIH:Diosmin;CIEL:74995,,
e03c9ef1-8028-4073-8485-c3c76554cf55,,Salbutamol and ipratropium bromide nebulizer solution,,Salbutamol y bromuro de ipratropio,,Drug,N/A,,PIH:12257;PIH:Salbutamol and ipratropium bromide nebulizer solution,,
84670AAAAAAAAAAAAAAAAAAAAAAAAAAAAAAA,,Tamsulosin,,,,Drug,N/A,,PIH:12170;CIEL:84670;SNOMED CT:108559004;RxNORM:77492,,
75020AAAAAAAAAAAAAAAAAAAAAAAAAAAAAAA,,Diphenidol,,,,Drug,N/A,,PIH:12121;CIEL:75020;SNOMED CT:63779001;RxNORM:23370,,
cca2c5b2-251a-4f94-93ce-6b54a31115a5,,Alcaftadine,,Alcaftadina,,Drug,N/A,,PIH:12252;PIH:Alcaftadine,,
70468AAAAAAAAAAAAAAAAAAAAAAAAAAAAAAA,,Alcohols,,,general term for alcohols,Drug,N/A,,PIH:12138;CIEL:70468;SNOMED CT:53041004;RxNORM:455,,
72510AAAAAAAAAAAAAAAAAAAAAAAAAAAAAAA,,Buprenorphine,,,,Drug,N/A,,PIH:12087;CIEL:72510;SNOMED CT:31684002;RxNORM:1819,SNOMED CT:387173000,
85185AAAAAAAAAAAAAAAAAAAAAAAAAAAAAAA,,TOBRAMYCIN,,,,Drug,N/A,,PIH:13295;CIEL:85185;SNOMED CT:89695009;RxNORM:10627,,
79605AAAAAAAAAAAAAAAAAAAAAAAAAAAAAAA,,Mercury,,,,Drug,N/A,,PIH:12122;CIEL:79605;SNOMED CT:45262002;RxNORM:6769,,
84950AAAAAAAAAAAAAAAAAAAAAAAAAAAAAAA,,Theophylline anhydrous,,,,Drug,N/A,,PIH:12196;CIEL:84950;RxNORM:91178,SNOMED CT:45940009,
335da0a2-b46b-4ba2-ab53-8d3d2158259d,,Rivaroxaban,,,,Drug,N/A,,PIH:13287;PIH:Rivaroxaban;CIEL:166107;SNOMED CT:777455008;RxNORM:1114195,,
76211AAAAAAAAAAAAAAAAAAAAAAAAAAAAAAA,,Felodipine,,,,Drug,N/A,,PIH:12124;CIEL:76211;SNOMED CT:108535009;RxNORM:4316,,
6e203f4e-03ad-4c9e-b160-234ee092cc02,,Magaldrate / Dimethicone,,,,Drug,N/A,,PIH:13286;PIH:Magaldrate and Dimethicone;CIEL:166367,,RxNORM:29151;RxNORM:324072
77594AAAAAAAAAAAAAAAAAAAAAAAAAAAAAAA,,Human immunoglobulin,,,,Drug,N/A,,PIH:12109;CIEL:77594;SNOMED CT:333711001;RxNORM:106470,,
80049AAAAAAAAAAAAAAAAAAAAAAAAAAAAAAA,,Mometasone,,,,Drug,N/A,,PIH:12105;CIEL:80049;SNOMED CT:75203002;RxNORM:108118,,
79696AAAAAAAAAAAAAAAAAAAAAAAAAAAAAAA,,Methocarbamol,,,,Drug,N/A,,PIH:12110;CIEL:79696;SNOMED CT:83973001;RxNORM:6845,,
3cd52a78-26fe-102b-80cb-0017a47871b2,,Aminophylline,,,A theophylline derivative C16H24N10O4 used especially to stimulate the heart in congestive heart failure and to dilate the air passages in respiratory disorders.,Drug,N/A,,PIH:928;PIH:AMINOPHYLLINE;CIEL:71101;SNOMED CT:55867006;RxNORM:689;AMPATH:928,,
72217AAAAAAAAAAAAAAAAAAAAAAAAAAAAAAA,,Biperiden,,,,Drug,N/A,,PIH:12169;CIEL:72217;SNOMED CT:65041000;RxNORM:1589,,
75929AAAAAAAAAAAAAAAAAAAAAAAAAAAAAAA,,"Estrogens, conjugated (usp)",,,,Drug,N/A,,PIH:12076;CIEL:75929;SNOMED CT:16832004;RxNORM:4099,,
74233AAAAAAAAAAAAAAAAAAAAAAAAAAAAAAA,,Danazol,,,,Drug,N/A,,PIH:12100;CIEL:74233;SNOMED CT:87881000;RxNORM:3102,,
73636AAAAAAAAAAAAAAAAAAAAAAAAAAAAAAA,,Coal tar,,,,Drug,N/A,,PIH:12159;CIEL:73636;SNOMED CT:6071000;RxNORM:2635,SNOMED CT:53034005,
104831AAAAAAAAAAAAAAAAAAAAAAAAAAAAAA,,Hydrochlorothiazide / Irbesartan,,,,Drug,N/A,,PIH:12133;CIEL:104831;SNOMED CT:398914000;RxNORM:214617,,
78086AAAAAAAAAAAAAAAAAAAAAAAAAAAAAAA,,"Insulin, zinc, human",,,,Drug,N/A,,PIH:12161;CIEL:78086;SNOMED CT:416951007;SNOMED CT:421123001;RxNORM:314683,,
80470AAAAAAAAAAAAAAAAAAAAAAAAAAAAAAA,,Nebivolol,,,,Drug,N/A,,PIH:12190;CIEL:80470;SNOMED CT:318638009;RxNORM:31555,,
79739AAAAAAAAAAAAAAAAAAAAAAAAAAAAAAA,,Methylphenidate,,,,Drug,N/A,,PIH:12091;CIEL:79739;SNOMED CT:18548003;RxNORM:6901,,
642deb2b-1735-4a93-8ac8-cda129c92871,,Minoxidil,,,"Hair loss treatment, oral or topical",Drug,N/A,,PIH:12649;PIH:Minoxidil;CIEL:79948,,
82696AAAAAAAAAAAAAAAAAAAAAAAAAAAAAAA,,Propafenone,,,,Drug,N/A,,PIH:12144;CIEL:82696;SNOMED CT:96300001;RxNORM:8754,,
5e2c39b0-ea17-4e9d-bba1-a657453a7304,,Ursodeoxycholic acid,,,,Drug,N/A,,PIH:12648;PIH:Ursodiol;CIEL:86007,,
81943AAAAAAAAAAAAAAAAAAAAAAAAAAAAAAA,,Phenindione,,,,Drug,N/A,,PIH:12127;CIEL:81943;SNOMED CT:47527007;RxNORM:8130,,
1872e445-df77-486a-b935-13d1ce4af8a1,,Carbetocin,,Carbetocina,,Drug,N/A,,PIH:12253;PIH:Carbetocin,,
80375AAAAAAAAAAAAAAAAAAAAAAAAAAAAAAA,,Naltrexone,,,,Drug,N/A,,PIH:12193;CIEL:80375;SNOMED CT:87617007;RxNORM:7243,,
104735AAAAAAAAAAAAAAAAAAAAAAAAAAAAAA,,Glucose / Lidocaine,,,,Drug,N/A,,PIH:12101;CIEL:104735,SNOMED CT:346552004,
3ccf30be-26fe-102b-80cb-0017a47871b2,,Hydrocortisone,,,adrenal hormone used for inflammatory or allergic states or Addisonian crisis,Drug,N/A,,PIH:290;PIH:HYDROCORTISONE;CIEL:77714;SNOMED CT:16602005;RxNORM:5492,,
79082AAAAAAAAAAAAAAAAAAAAAAAAAAAAAAA,,LOTEPREDNOL,,,,Drug,N/A,,PIH:13297;CIEL:79082;SNOMED CT:108857005;RxNORM:237027,,
73461AAAAAAAAAAAAAAAAAAAAAAAAAAAAAAA,,Citalopram,,,,Drug,N/A,,PIH:12086;CIEL:73461;SNOMED CT:321986007;RxNORM:2556,,
81861AAAAAAAAAAAAAAAAAAAAAAAAAAAAAAA,,Petrolatum,,,,Drug,N/A,,PIH:12168;CIEL:81861;SNOMED CT:11699009;RxNORM:8091,,
79532AAAAAAAAAAAAAAAAAAAAAAAAAAAAAAA,,Meloxicam,,,,Drug,N/A,,PIH:12095;CIEL:79532;SNOMED CT:125694008;RxNORM:41493,,
78677AAAAAAAAAAAAAAAAAAAAAAAAAAAAAAA,,Latanoprost,,,,Drug,N/A,,PIH:12175;CIEL:78677;SNOMED CT:108838001;RxNORM:43611,SNOMED CT:386926002,
d53d1bc4-1b19-4c03-9aae-61e7662acc0e,,Atenolol,,,Atenolol is used alone or in combination with other medications to treat high blood pressure. It also is used to prevent angina (chest pain) and treat heart attacks. Atenolol is in a class of medications called beta blockers.,Drug,N/A,,PIH:3186;PIH:ATENOLOL,,
104676AAAAAAAAAAAAAAAAAAAAAAAAAAAAAA,,Fluticasone / Salmeterol,,,,Drug,N/A,,PIH:12157;CIEL:104676;SNOMED CT:411106009;RxNORM:284635,,
71767AAAAAAAAAAAAAAAAAAAAAAAAAAAAAAA,,Azathioprine,,,,Drug,N/A,,PIH:12111;CIEL:71767;SNOMED CT:111165009;RxNORM:1256,SNOMED CT:372574004,
83362AAAAAAAAAAAAAAAAAAAAAAAAAAAAAAA,,Rifaximin,,,,Drug,N/A,,PIH:12137;CIEL:83362;SNOMED CT:412554007;RxNORM:35619,,
73702AAAAAAAAAAAAAAAAAAAAAAAAAAAAAAA,,Colchicine,,,,Drug,N/A,,PIH:12195;CIEL:73702;SNOMED CT:73133000;RxNORM:2683,,
82411AAAAAAAAAAAAAAAAAAAAAAAAAAAAAAA,,Pravastatin,,,,Drug,N/A,,PIH:9529;CIEL:82411;SNOMED CT:96305006;RxNORM:42463,,
104626AAAAAAAAAAAAAAAAAAAAAAAAAAAAAA,,Ethinyl estradiol / Norelgestromin,,,,Drug,N/A,,PIH:12080;CIEL:104626;RxNORM:352377,,
84823AAAAAAAAAAAAAAAAAAAAAAAAAAAAAAA,,Terazosine,,,,Drug,N/A,,PIH:12089;CIEL:84823;SNOMED CT:129484001;RxNORM:37798,,
78770AAAAAAAAAAAAAAAAAAAAAAAAAAAAAAA,,Levetiracetam,,,,Drug,N/A,,PIH:12097;CIEL:78770;SNOMED CT:116076009;RxNORM:114477,,
80236AAAAAAAAAAAAAAAAAAAAAAAAAAAAAAA,,Mycophenolic acid,,,,Drug,N/A,,PIH:12192;CIEL:80236;SNOMED CT:409331009;RxNORM:7145,,
76022AAAAAAAAAAAAAAAAAAAAAAAAAAAAAAA,,Etonogestrel,,,,Drug,N/A,,PIH:12084;CIEL:76022;SNOMED CT:326451000;RxNORM:14584,,
78251AAAAAAAAAAAAAAAAAAAAAAAAAAAAAAA,,Isoconazole,,,,Drug,N/A,,PIH:12177;CIEL:78251;SNOMED CT:350201001;RxNORM:27901,,
1a0709b5-006c-49b5-90bc-697c8567d0ee,,Sodium valproate,VPA,,"The sodium salt of valproic acid and is an anticonvulsant used in the treatment of epilepsy and bipolar disorder, as well as other psychiatric conditions requiring the administration of a mood stabilizer",Drug,N/A,,PIH:4060;PIH:SODIUM VALPROATE;CIEL:84114;SNOMED CT:67477004;RxNORM:9919;AMPATH:2284,SNOMED CT:387481005,
83865AAAAAAAAAAAAAAAAAAAAAAAAAAAAAAA,,Sertraline,,,,Drug,N/A,,PIH:12158;CIEL:83865;SNOMED CT:321958004;RxNORM:36437,,
016eae5d-aec0-4ae7-b9aa-58e33bb5b995,,Copper IUD,,DIU de cobre,,Drug,N/A,,PIH:12255;PIH:Copper IUD,,
3cd422f4-26fe-102b-80cb-0017a47871b2,,Lidocaine and Hydrocortisone,,,Topical rectal antiinflammatory and anesthetic.,Drug,N/A,,PIH:777;PIH:LIDOCAINE AND HYDROCORTISONE;CIEL:104859;CIEL:777;SNOMED CT:346505005;RxNORM:106964,,
86254AAAAAAAAAAAAAAAAAAAAAAAAAAAAAAA,,VIGABATRIN,,,,Drug,N/A,,PIH:13300;CIEL:86254;SNOMED CT:322976008;RxNORM:14851,,
71028AAAAAAAAAAAAAAAAAAAAAAAAAAAAAAA,,Ambroxol,,,,Drug,N/A,,PIH:12135;CIEL:71028;RxNORM:625,,
78644AAAAAAAAAAAAAAAAAAAAAAAAAAAAAAA,,Lamotrigine,,,,Drug,N/A,,PIH:12178;CIEL:78644;SNOMED CT:96195007;RxNORM:28439,,
76545AAAAAAAAAAAAAAAAAAAAAAAAAAAAAAA,,FLUOROMETHOLONE,,,,Drug,N/A,,PIH:13301;CIEL:76545;SNOMED CT:108851006;RxNORM:4491,,
103349AAAAAAAAAAAAAAAAAAAAAAAAAAAAAA,,Allantoin / Coal tar,,,,Drug,N/A,,PIH:12191;CIEL:103349;SNOMED CT:423731008,,
104633AAAAAAAAAAAAAAAAAAAAAAAAAAAAAA,,Ezetimibe / Simvastatin,,,,Drug,N/A,,PIH:12207;CIEL:104633;SNOMED CT:414175005;RxNORM:484211,,
6bdd82c3-a3bb-476a-9a30-ce0575eb28cb,,Nitrofurantoin,,Nitrofurantoína,An antibiotic. It is usually used in treating urinary tract infection.,Drug,N/A,,PIH:4056;PIH:NITROFURANTOIN;CIEL:80696;SNOMED CT:85343003;RxNORM:7454,,
104546AAAAAAAAAAAAAAAAAAAAAAAAAAAAAA,,Dorzolamide / Timolol,,,,Drug,N/A,,PIH:12130;CIEL:104546;SNOMED CT:330733003,RxNORM:662263,
83809AAAAAAAAAAAAAAAAAAAAAAAAAAAAAAA,,Sennosides,,,,Drug,N/A,,PIH:12156;CIEL:83809;SNOMED CT:420709001;RxNORM:36387,,
71533AAAAAAAAAAAAAAAAAAAAAAAAAAAAAAA,,Aripiprazole,,,,Drug,N/A,,PIH:13316;CIEL:71533;SNOMED CT:406785006;RxNORM:89013,,
79251AAAAAAAAAAAAAAAAAAAAAAAAAAAAAAA,,Magnesium valproate,,,,Drug,N/A,,PIH:12201;CIEL:79251;RxNORM:134422,,
77054AAAAAAAAAAAAAAAAAAAAAAAAAAAAAAA,,Glucose,,,"This is a form of medication, not a test.",Drug,N/A,,PIH:12060;CIEL:77054;SNOMED CT:111138002;RxNORM:4850,SNOMED CT:67079006,
80395AAAAAAAAAAAAAAAAAAAAAAAAAAAAAAA,,Naproxen,,,,Drug,N/A,,PIH:12160;CIEL:80395;SNOMED CT:11847009;RxNORM:7258,,
73596AAAAAAAAAAAAAAAAAAAAAAAAAAAAAAA,,Clonazepam,,,,Drug,N/A,,PIH:12116;CIEL:73596;SNOMED CT:69708003;RxNORM:2598,SNOMED CT:387383007,
77796AAAAAAAAAAAAAAAAAAAAAAAAAAAAAAA,,Hydroxyzine,,,,Drug,N/A,,PIH:12153;CIEL:77796;SNOMED CT:80165005;RxNORM:5553,,
79224AAAAAAAAAAAAAAAAAAAAAAAAAAAAAAA,,Magnesium,,,,Drug,N/A,,PIH:12151;CIEL:79224;SNOMED CT:72717003;RxNORM:6574,,
85157AAAAAAAAAAAAAAAAAAAAAAAAAAAAAAA,,Tiotropium,,,,Drug,N/A,,PIH:12208;CIEL:85157;SNOMED CT:407730002;RxNORM:69120,,
53ed50e2-d3b6-4166-963d-7a6d7d8c17e8,,Valproic acid,,Ácido valproico,"A chemical compound that has found clinical use as an anticonvulsant and mood-stabilizing drug, primarily in the treatment of epilepsy, bipolar disorder, and less commonly major depression.",Drug,N/A,,PIH:4062;PIH:VALPROIC ACID;CIEL:86052;SNOMED CT:13965000;RxNORM:11118,,
82228AAAAAAAAAAAAAAAAAAAAAAAAAAAAAAA,,Podophyllin,,,,Drug,N/A,,PIH:12143;CIEL:82228;SNOMED CT:71462001;RxNORM:8462,,
80665AAAAAAAAAAAAAAAAAAAAAAAAAAAAAAA,,Nimesulide,,,,Drug,N/A,,PIH:12171;CIEL:80665;RxNORM:53694,,
74375AAAAAAAAAAAAAAAAAAAAAAAAAAAAAAA,,DEFLAZACORT,,,,Drug,N/A,,PIH:13317;CIEL:74375;SNOMED CT:116578002;RxNORM:22396,,
44ab7b3e-8b91-48cd-8104-ef2bdd1b9ffc,,Potassium citrate and citric acid monohydrate,,Citrato de potacio and citrato acido,,Drug,N/A,,PIH:12254;PIH:Potassium citrate and citric acid monohydrate,,
78479AAAAAAAAAAAAAAAAAAAAAAAAAAAAAAA,,Ketoprofen,,,,Drug,N/A,,PIH:12189;CIEL:78479;SNOMED CT:10099000;RxNORM:6142,,
78849AAAAAAAAAAAAAAAAAAAAAAAAAAAAAAA,,Lidocaine,,,,Drug,N/A,,PIH:4039;CIEL:78849;SNOMED CT:82573000;RxNORM:6387,,
73338AAAAAAAAAAAAAAAAAAAAAAAAAAAAAAA,,Chlorthalidone,,,,Drug,N/A,,PIH:12128;CIEL:73338;SNOMED CT:57893000;RxNORM:2409,,
82416AAAAAAAAAAAAAAAAAAAAAAAAAAAAAAA,,Praziquantel,,,,Drug,N/A,,PIH:4058;CIEL:82416;SNOMED CT:55889005;RxNORM:8628,,
80514AAAAAAAAAAAAAAAAAAAAAAAAAAAAAAA,,Neomycin,,,,Drug,N/A,,PIH:12078;CIEL:80514;SNOMED CT:73093001;RxNORM:7299,,
104606AAAAAAAAAAAAAAAAAAAAAAAAAAAAAA,,"Estrogens, conjugated (usp) / Estrone",,,,Drug,N/A,,PIH:12112;CIEL:104606;RxNORM:1007651,,
79912AAAAAAAAAAAAAAAAAAAAAAAAAAAAAAA,,"Mineral oil, light",,,,Drug,N/A,,PIH:12163;CIEL:79912;RxNORM:577312,SNOMED CT:354035004,
74794AAAAAAAAAAAAAAAAAAAAAAAAAAAAAAA,,Dicloxacillin sodium,,,,Drug,N/A,,PIH:12141;CIEL:74794;SNOMED CT:70886000;RxNORM:267257,,
82862AAAAAAAAAAAAAAAAAAAAAAAAAAAAAAA,,Psyllium,,,,Drug,N/A,,PIH:12140;CIEL:82862;SNOMED CT:398702001;RxNORM:8928,,
83902AAAAAAAAAAAAAAAAAAAAAAAAAAAAAAA,,Sildenafil,,,,Drug,N/A,,PIH:12088;CIEL:83902;SNOMED CT:109123009;RxNORM:136411;AMPATH:2278,,
84480AAAAAAAAAAAAAAAAAAAAAAAAAAAAAAA,,Sulfasalazine,,,,Drug,N/A,,PIH:12149;CIEL:84480;SNOMED CT:45844004;RxNORM:9524,SNOMED CT:387248006,
81909AAAAAAAAAAAAAAAAAAAAAAAAAAAAAAA,,Phenazopyridine,,,,Drug,N/A,,PIH:12181;CIEL:81909;SNOMED CT:370310006;RxNORM:8120,,
72682AAAAAAAAAAAAAAAAAAAAAAAAAAAAAAA,,Calcium hydroxide,,,,Drug,N/A,,PIH:12142;CIEL:72682;SNOMED CT:7325009;RxNORM:1910,,
73008AAAAAAAAAAAAAAAAAAAAAAAAAAAAAAA,,Cefmetazole,,,,Drug,N/A,,PIH:12099;CIEL:73008;SNOMED CT:397422004;RxNORM:2182,SNOMED CT:96059002,
79494AAAAAAAAAAAAAAAAAAAAAAAAAAAAAAA,,Medroxyprogesterone,,,,Drug,N/A,,PIH:12165;CIEL:79494;SNOMED CT:36621009;RxNORM:6691,,
3cd64aa2-26fe-102b-80cb-0017a47871b2,,Itraconazole,,,A triazole antifungal agent C35H38Cl2N8O4 used orally especially to treat blastomycosis and histoplasmosis.,Drug,N/A,,PIH:962;PIH:ITRACONAZOLE;CIEL:78338;SNOMED CT:96038009;RxNORM:28031,,
74962AAAAAAAAAAAAAAAAAAAAAAAAAAAAAAA,,DIMETHICONE,,,,Drug,N/A,,PIH:13292;CIEL:74962;SNOMED CT:420874002;RxNORM:324072,,
72053AAAAAAAAAAAAAAAAAAAAAAAAAAAAAAA,,Benzonatate,,,,Drug,N/A,,PIH:12184;CIEL:72053;SNOMED CT:386030001;RxNORM:18993,,
73ae0790-32b2-4732-a07e-643c67f3ef82,,Disposable menstrual product,,,,Misc,N/A,,PIH:13289;PIH:Disposable menstrual products;CIEL:166368;SNOMED CT:303620002,,
84646AAAAAAAAAAAAAAAAAAAAAAAAAAAAAAA,,Tacrolimus,,,,Drug,N/A,,PIH:12164;CIEL:84646;SNOMED CT:109129008;RxNORM:42316,SNOMED CT:386975001,
49718515-7860-4404-bf25-d93fcaf4e8a9,,Clindamycin,,Clindamicina,"A lincosamide antibiotic. It is usually used to treat infections with anaerobic bacteria but can also be used to treat some protozoal diseases, such as malaria. It is a common topical treatment for acne, and can be useful against some methicillin-resistant Staphylococcus aureus (MRSA) infections.",Drug,N/A,,PIH:4043;PIH:CLINDAMYCIN;CIEL:73546;SNOMED CT:332356004;SNOMED CT:370443009;SNOMED CT:58883005;RxNORM:2582,,
79053AAAAAAAAAAAAAAAAAAAAAAAAAAAAAAA,,Loratadine,,,,Drug,N/A,,PIH:12077;CIEL:79053;SNOMED CT:108652002;RxNORM:28889;AMPATH:741;AMPATH:957,,
77784AAAAAAAAAAAAAAAAAAAAAAAAAAAAAAA,,Hydroxychloroquine,,,,Drug,N/A,,PIH:12166;CIEL:77784;CIEL:77785;SNOMED CT:83490000;RxNORM:153972;RxNORM:5521,SNOMED CT:13502005,
78064AAAAAAAAAAAAAAAAAAAAAAAAAAAAAAA,,"Insulin, glargine, human",,,,Drug,N/A,,PIH:12094;CIEL:78064;SNOMED CT:126212009;RxNORM:274783,,
71681AAAAAAAAAAAAAAAAAAAAAAAAAAAAAAA,,Atropine,,,,Drug,N/A,,PIH:12145;CIEL:71681;SNOMED CT:73949004;RxNORM:1223,SNOMED CT:372832002,
85178AAAAAAAAAAAAAAAAAAAAAAAAAAAAAAA,,TIZANIDINE,,,,Drug,N/A,,PIH:13303;CIEL:85178;SNOMED CT:108461005;RxNORM:57258,,
84454AAAAAAAAAAAAAAAAAAAAAAAAAAAAAAA,,Sulfacetamide sodium,,,,Drug,N/A,,PIH:12108;CIEL:84454;RxNORM:82101,SNOMED CT:108867000,
75047AAAAAAAAAAAAAAAAAAAAAAAAAAAAAAA,,Dipyrone,,Metamizol,,Drug,N/A,,PIH:12154;CIEL:75047;SNOMED CT:22165008;RxNORM:3523,,
3cd3f8c4-26fe-102b-80cb-0017a47871b2,,Levofloxacin,LFX,,Antibiotic that stops multiplication of bacteria by preventing the reproduction and repair of their genetic material. It is in a class of antibiotics called fluoroquinolones.,Drug,N/A,,PIH:755;PIH:LEVOFLOXACIN;CIEL:78788;SNOMED CT:96087006;RxNORM:82122;AMPATH:754;AMPATH:755,SNOMED CT:387552007,
86155AAAAAAAAAAAAAAAAAAAAAAAAAAAAAAA,,Venlafaxine,,,,Drug,N/A,,PIH:12113;CIEL:86155;SNOMED CT:108432009;RxNORM:39786,,
84826AAAAAAAAAAAAAAAAAAAAAAAAAAAAAAA,,Terbutaline,,,,Drug,N/A,,PIH:12129;CIEL:84826;SNOMED CT:45311002;RxNORM:10368,,
82624AAAAAAAAAAAAAAAAAAAAAAAAAAAAAAA,,Progesterone,,,,Drug,N/A,,PIH:12079;CIEL:82624;SNOMED CT:50318003;RxNORM:8727,,
73560AAAAAAAAAAAAAAAAAAAAAAAAAAAAAAA,,Clioquinol,,,,Drug,N/A,,PIH:12204;CIEL:73560;SNOMED CT:52896000;RxNORM:5942,SNOMED CT:387291001,
3cd430d2-26fe-102b-80cb-0017a47871b2,,Betamethasone,,,A potent glucocorticoid C22H29FO5 that is isomeric with dexamethasone and has potent anti-inflammatory activity.,Drug,N/A,,PIH:786;PIH:BETAMETHASONE;CIEL:72120;SNOMED CT:29896003;RxNORM:1514,,
81765AAAAAAAAAAAAAAAAAAAAAAAAAAAAAAA,,Pentoxifylline,,Pentoxifillina,,Drug,N/A,,PIH:12215;PIH:PENTOXIFYLLINE;CIEL:81765;SNOMED CT:91376007;RxNORM:8013,,
630eee6a-2bc0-42a2-be94-873845540f3d,,Tolterodine,,Tolterodina,,Drug,N/A,,PIH:12259;PIH:Tolterodine,,
165474AAAAAAAAAAAAAAAAAAAAAAAAAAAAAA,,Baby clothing kit,,Kit para bebe (ropa),,Medical supply,N/A,,PIH:12085;CIEL:165474,SNOMED CT:272180002,
3cd40530-26fe-102b-80cb-0017a47871b2,,PANTOPRAZOLE,,,Proton pump inhibitor used to treat gastroesophageal reflux disease (GERD).,Drug,N/A,,PIH:763;PIH:PANTOPRAZOLE;CIEL:81550;SNOMED CT:317317009;RxNORM:40790;AMPATH:763,,
73429AAAAAAAAAAAAAAAAAAAAAAAAAAAAAAA,,Cinitapride,,,,Drug,N/A,,PIH:12179;CIEL:73429;RxNORM:21125,,
160268AAAAAAAAAAAAAAAAAAAAAAAAAAAAAA,,Lacosamide,,,,Drug,N/A,,PIH:12182;CIEL:160268;SNOMED CT:441532003;RxNORM:623400,,
159850AAAAAAAAAAAAAAAAAAAAAAAAAAAAAA,,Glibenclamide and Metformin,,,"Combination of drugs, proved to be more effective than single drug, to manage type 2 diabetes.",Drug,N/A,,PIH:12155;CIEL:159850,AMPATH:2279,
36e8308f-236b-40ee-af8e-69f15fec1aef,,Pediatric nutrition drink,,,,Drug,N/A,,PIH:13291;PIH:PEDIASURE;CIEL:166382,,
76586AAAAAAAAAAAAAAAAAAAAAAAAAAAAAAA,,Fluticasone,,,,Drug,N/A,,PIH:12131;CIEL:76586;SNOMED CT:108632003;SNOMED CT:331061005;RxNORM:41126,SNOMED CT:397192001,
81604AAAAAAAAAAAAAAAAAAAAAAAAAAAAAAA,,Paroxetine,,,,Drug,N/A,,PIH:12132;CIEL:81604;SNOMED CT:321963000;RxNORM:32937,,
1c69a1c9-7b14-4638-a210-27daf553f9fd,,Melatonin,,,,Drug,N/A,,PIH:12650;PIH:Melatonin;CIEL:79527,,
105169AAAAAAAAAAAAAAAAAAAAAAAAAAAAAA,,Phenylephrine / Zinc sulfate,,,,Drug,N/A,,PIH:12162;CIEL:105169;RxNORM:689757,,
72247AAAAAAAAAAAAAAAAAAAAAAAAAAAAAAA,,Bisoprolol,,,,Drug,N/A,,PIH:12136;CIEL:72247;SNOMED CT:108547003;RxNORM:19484,,
81294AAAAAAAAAAAAAAAAAAAAAAAAAAAAAAA,,Oxcarbazepine,,,,Drug,N/A,,PIH:12093;CIEL:81294;SNOMED CT:116511002;RxNORM:32624,,
83014AAAAAAAAAAAAAAAAAAAAAAAAAAAAAAA,,Quinfamide,,,,Drug,N/A,,PIH:12187;CIEL:83014;RxNORM:35216,,
80701AAAAAAAAAAAAAAAAAAAAAAAAAAAAAAA,,Nitrofurazone,,,,Drug,N/A,,PIH:12194;CIEL:80701;SNOMED CT:411313003;RxNORM:7455,SNOMED CT:87097009,
bf51f828-ae1f-46eb-ad5c-e3888f27ca2b,,Pinaverium bromide and dimethicone,,,,Drug,N/A,,PIH:13290;PIH:Pinaverium bromide and dimethicone;CIEL:166369,,
78718AAAAAAAAAAAAAAAAAAAAAAAAAAAAAAA,,Leflunomide,,Leflunomida,,Drug,N/A,,PIH:13687;PIH:Leflunomide;CIEL:78718;SNOMED CT:109143003;RxNORM:27169,,
3ccf0b34-26fe-102b-80cb-0017a47871b2,,Erythromycin,,,"A broad-spectrum antibiotic C37H67NO13 produced by a bacterium of the genus Streptomyces (S. erythreus), resembling penicillin in antibacterial activity, and effective also against amebas, treponemata, and pinworms.",Drug,N/A,,PIH:272;PIH:ERYTHROMYCIN;CIEL:75842;SNOMED CT:30427009;RxNORM:4053,,
3cd512ae-26fe-102b-80cb-0017a47871b2,,Chlorphenamine,,,An antihistamine C16H19ClN2 that is usually administered in the form of its maleate.,Drug,N/A,,PIH:913;PIH:CHLORPHENAMINE;CIEL:913;SNOMED CT:9944001;RxNORM:2400,,
81025AAAAAAAAAAAAAAAAAAAAAAAAAAAAAAA,,Olanzapine,,,,Drug,N/A,,PIH:12083;CIEL:81025;SNOMED CT:108441004;RxNORM:61381;AMPATH:2282,,
98d314c5-42db-4a20-9e0a-ccea462dd03a,,Sacubitril / Valsartan,,,,Drug,N/A,,PIH:13285;PIH:ENTRESTO;CIEL:166366;RxNORM:1656339,,
79054AAAAAAAAAAAAAAAAAAAAAAAAAAAAAAA,,Lorazepam,,,,Drug,N/A,,PIH:12139;CIEL:79054;SNOMED CT:19225000;RxNORM:6470,,
105187AAAAAAAAAAAAAAAAAAAAAAAAAAAAAA,,Polyethylene glycols / propylene glycol,,,,Drug,N/A,,PIH:13302;CIEL:105187;SNOMED CT:412486004;RxNORM:466563,,
1873AAAAAAAAAAAAAAAAAAAAAAAAAAAAAAAA,,Jadelle (implantable contraceptive),,,"Jadelle® is a set of two flexible cylindrical implants, consisting of a dimethylsiloxane/ methylvinylsiloxane copolymer core enclosed in thin-walled silicone tubing. Each implant contains 75 mg of the progestin levonorgestrel. The implants are sealed with polydimethylsiloxane adhesive and sterilized. Each implant is approximately 2.5 mm in diameter and 43 mm in length. The implants are inserted in a superficial plane beneath the skin of the upper arm.",Drug,Boolean,,PIH:12106;CIEL:1873;SNOMED CT:169552007,,
7286b988-ac56-42cc-94bd-b45435a3d372,,CES medication set,,,,MedSet,N/A,"Glucose;ABO blood typing kit;Erythromycin;Baby clothing kit;Itraconazole;Allantoin / Coal tar;Tetracycline;Desogestrel / Ethinyl estradiol;Lidocaine and Hydrocortisone;Estrogens, conjugated (usp) / Estrone;Chlorphenamine;Ethinyl estradiol / Norelgestromin;Cromoglicic acid;Ezetimibe / Simvastatin;Hydrocortisone;Glucose / Lidocaine;Betamethasone;Hydrochlorothiazide / Irbesartan;Hydralazine;Hydrochlorothiazide / Telmisartan;Aminophylline;Dextromethorphan;Phenylephrine / Zinc sulfate;Celecoxib;Acenocoumarol;Lidocaine;Alcohols;Praziquantel;Allopurinol;Ambroxol;Benzonatate;Bismuth subsalicylate;Bromocriptine;Calcium carbonate;Calcium hydroxide;Chlorthalidone;Cinitapride;Cisapride;Citalopram;Clindamycin;Clioquinol;Colchicine;Dicloxacillin sodium;Dimenhydrinate;Diphenidol;Dipyrone;Doxycycline hyclate;Epinephrine;Estrogens, conjugated (usp);Etonogestrel;Felodipine;Fluocinolone acetonide;Human immunoglobulin;Hypromellose;Insulin, glargine, human;Insulin, zinc, human;Isoconazole;Ketoprofen;Ketorolac tromethamine;Loratadine;Losartan;Magnesium;Medroxyprogesterone;Meloxicam;Mercury;Methocarbamol;Metronidazole benzoate;Mineral oil, light;Mometasone;Naphazoline;Naproxen;Neomycin;Nitazoxanide;Nitrofurantoin;Nitrofurazone;Paroxetine;Phenazopyridine;Piroxicam;Podophyllin;Polyvinyl alcohol;Psyllium;Pyrantel;Pyridoxine;Quinfamide;Sennosides;Sodium valproate;Sulfacetamide sodium;Terbutaline;Theophylline anhydrous;Tiotropium;Valproic acid;Vitamin E;Ciprofloxacin / Dexamethasone;Dorzolamide / Timolol;Fluticasone / Salmeterol;Glibenclamide and Metformin;Lacosamide;Jadelle (implantable contraceptive);Alendronate;Aluminum magnesium silicate;Atorvastatin;Atropine;Azathioprine;Beclomethasone dipropionate;Bicalutamide;Biperiden;Bisoprolol;Buprenorphine;Cabergoline;Capreomycin;Cefmetazole;Clonazepam;Coal tar;Cyclosporine;Danazol;Estrogens;Finasteride;Fluticasone;Ginkgo biloba leaf;Glipizide;Hydroxychloroquine;Hydroxyzine;Ivermectin;Lamotrigine;Latanoprost;Levetiracetam;Levofloxacin;Lorazepam;Magnesium valproate;Methimazole;Methylphenidate;Methylprednisolone;Mupirocin;Mycophenolic acid;Naltrexone;Nebivolol;Nimesulide;Olanzapine;Olopatadine;Oxcarbazepine;Perindopril;Petrolatum;Phenindione;Progesterone;Propafenone;Quassia preparation;Quetiapine;Rifaximin;Sertraline;Sildenafil;Sulfasalazine;Sumatriptan;Tacrolimus;Tamsulosin;Terazosine;Tolperisone;Topiramate;Venlafaxine;Generic skin cream;Atenolol;Loperamide;Pravastatin;Pentoxifylline;Alcaftadine;Carbetocin;Potassium citrate and citric acid monohydrate;Copper IUD;L-ornithine-L-aspartate;Salbutamol and ipratropium bromide nebulizer solution;Tobramycin and dexamethasone;Tolterodine;Diosmin;Melatonin;Minoxidil;Ursodeoxycholic acid;Pediatric nutrition drink;Pinaverium bromide and dimethicone;Disposable menstrual product;Thalidomide;Rivaroxaban;Magaldrate / Dimethicone;Sacubitril / Valsartan;DIMETHICONE;FLUDROCORTISONE;FLUOROMETHOLONE;Ketotifen;SILYMARIN;LOTEPREDNOL;SUCRALFATE;Polyethylene glycols / propylene glycol;TIZANIDINE;Acetaminophen / tramadol;VIGABATRIN;TOBRAMYCIN;Aripiprazole;DEFLAZACORT;PANTOPRAZOLE;Dexlansoprazole;Leflunomide",PIH:12061,,
