UUID,Name,Description,Parent,Tag|Archives Location,Tag|Consult Note Location,Tag|Identifier Assignment Location,Tag|Medical Record Location,Tag|Program Location,Tag|Provider Management Location,Tag|Registration Location,Tag|Visit Location,Tag|Vitals Location
5f638ab8-87f7-48bc-8111-178000380dc9,Chiapas,"The state of Chiapas, where CES operates",,,,TRUE,,,,,,
6ed84a4b-848d-11e8-9d02-74e5f9828fde,Capitan,Capitan,Chiapas,,TRUE,,TRUE,TRUE,TRUE,TRUE,TRUE,TRUE
5a49103e-a263-4a83-a29a-490788226787,Honduras,Honduras,Chiapas,,TRUE,,TRUE,TRUE,TRUE,TRUE,TRUE,TRUE
63133477-8535-11e8-9d02-74e5f9828fde,Laguna del Cofre,Laguna del Cofre,Chiapas,,TRUE,,TRUE,TRUE,TRUE,TRUE,TRUE,TRUE
928cb518-8535-11e8-9d02-74e5f9828fde,Letrero,Letrero,Chiapas,,TRUE,,TRUE,TRUE,TRUE,TRUE,TRUE,TRUE
98c940fd-8535-11e8-9d02-74e5f9828fde,Matazano,Matazano,Chiapas,,TRUE,,TRUE,TRUE,TRUE,TRUE,TRUE,TRUE
a27578cc-8535-11e8-9d02-74e5f9828fde,Monterrey,Monterrey,Chiapas,,TRUE,,TRUE,TRUE,TRUE,TRUE,TRUE,TRUE
06109e0d-4a83-4f02-be62-8175bf04f8f0,Plan Alta,"Plan de la Libertad, Alta",Chiapas,,TRUE,,TRUE,TRUE,TRUE,TRUE,TRUE,TRUE
e1ae1851-1611-42c1-8b99-f4b719faedc1,Plan Baja,"Plan de la Libertad, Baja",Chiapas,,TRUE,,TRUE,TRUE,TRUE,TRUE,TRUE,TRUE
b4c7e4f9-8535-11e8-9d02-74e5f9828fde,Reforma,Reforma,Chiapas,,TRUE,,TRUE,TRUE,TRUE,TRUE,TRUE,TRUE
bb54f7df-8535-11e8-9d02-74e5f9828fde,Salvador,Salvador,Chiapas,,TRUE,,TRUE,TRUE,TRUE,TRUE,TRUE,TRUE
c31869d6-8535-11e8-9d02-74e5f9828fde,Soledad,Soledad,Chiapas,,TRUE,,TRUE,TRUE,TRUE,TRUE,TRUE,TRUE
8bb35919-daff-412f-868c-9db7a0c2bac4,Hospital,Hospital,Chiapas,,TRUE,,TRUE,TRUE,TRUE,TRUE,TRUE,TRUE
17b5962a-8145-4738-be8d-537dc5c103e7,CES Oficina,CES Oficina,Chiapas,TRUE,TRUE,,TRUE,TRUE,TRUE,TRUE,TRUE,TRUE
1d7567a9-64d0-4b79-82a5-59d9e930e426,Casa Materna,Birthing center operated by CES in Jaltenango,Chiapas,,TRUE,,TRUE,TRUE,TRUE,TRUE,TRUE,TRUE
431f3329-3a87-48fa-a60a-255cbc328b0c,CER,"Cl√≠nica de Enfermedades Respiratorias, the CES COVID-19 clinic",Chiapas,,TRUE,,TRUE,TRUE,TRUE,TRUE,TRUE,TRUE
